Username,Ranking,Reputation,All_Solved,Easy_Solved,Medium_Solved,Hard_Solved
heenaparveen139,5000001,0,6,5,1,0
Kap_0eesh,158267,0,528,137,298,93
VladaMG98,1891230,0,68,19,35,14
sokolowsky,1702961,0,79,26,40,13
zoteline,141062,0,556,225,222,109
littlemxrush,915397,0,162,45,81,36
al_jabr,303803,0,374,75,198,101
revutrinadh,5000001,0,0,0,0,0
cheatcode,43110,0,869,222,469,178
lpalanisamy,5000001,0,0,0,0,0
splintersec,5000001,0,0,0,0,0
Hotheadcoder,5000001,0,3,2,1,0
ft729495,5000001,0,0,0,0,0
maxcruickshanks,17101,10,1144,309,611,224
lolakapuri,5000001,0,0,0,0,0
Unwise,24096,131,1040,288,544,208
tojuna,7391,5847,1423,361,766,296
unoptimize,1273981,0,114,29,50,35
talgoo,4217798,0,16,8,8,0
Rayleigh0328,2922,1,1772,459,944,369
shirowing,3362804,0,26,18,8,0
liympanda,2194357,0,55,10,30,15
akash_tiwari,5000001,0,0,0,0,0
brandon_wagner,1766909,0,75,45,28,2
Bakerston,71,6883,3521,925,1950,646
lichapau,5000001,0,1,1,0,0
kporzycki,749,0,2478,594,1339,545
EulerianMoe,817352,76,180,35,99,46
milind0110,213057,2,456,135,252,69
ghoshashis545,14171,35,1203,270,703,230
user0927,5000001,0,0,0,0,0
Ajit123,12767,2,1237,300,637,300
qb_2008,24047,7,1040,250,571,219
mkawa222,894,1,2389,585,1264,540
Dr_Pekka,564460,4,246,64,136,46
phoenix0knight,4008,12,1648,341,968,339
Anushk_23,11477,7,1273,328,667,278
pickleRick8008,1552839,29,90,23,46,21
shinbay,645019,0,221,50,102,69
edcedc,3153,11,1738,325,820,593
aliparlakci,1485100,1,95,39,56,0
helihuo,5000001,0,0,0,0,0
isparsh_671,15003,40,1185,209,719,257
Lowiea,5000001,0,0,0,0,0
i_will_beat_my_iq,2999890,0,33,8,15,10
bigTeccOrBust,1007323,-1,147,58,86,3
az84,5000001,0,2,1,1,0
Sacred_Conqueror,2177805,0,56,8,31,17
alecjo,821926,2,179,44,113,22
PRD0507,1166201,0,126,73,49,4
k_a_r_a_n,11334,-1,1277,195,788,294
lucasomee006,155319,2,533,92,348,93
amandeeps007,5000001,0,3,2,1,0
tjntsb,1591409,0,87,23,50,14
severalprojects,3916583,0,19,11,7,1
christ5,1546515,0,90,52,36,2
chramiyounes,5000001,0,0,0,0,0
cjoa,465646,0,283,71,156,56
prathee100,5000001,0,0,0,0,0
Kritzy,628198,0,226,61,133,32
Ankur_8789,2417,2,1863,457,1047,359
Dominater069L,1477167,0,96,31,48,17
shivamtrix,11423,5,1275,358,670,247
asb76,670944,0,214,77,130,7
zzxzxzzxz,69133,15,740,107,420,213
Ayush_7219,33219,26,945,234,514,197
xuetu,743926,0,196,46,113,37
aniketneje,4364186,0,15,8,7,0
Agnimandur,457177,27,287,84,138,65
GCYeh,1406,17,2134,494,1161,479
Ceay,20296,592,1091,284,622,185
huanghuangkongkong,5000001,0,4,3,1,0
truongcongthanh2000,23904,0,1042,251,573,218
roll_no_1,93600,143,660,144,375,141
balepavleski,611569,1755,231,63,101,67
dream_boy,192160,1,481,125,273,83
rukt,4758,20,1585,364,804,417
hayoungsong0_0,493322,0,272,67,143,62
Rhacoal,18585,1,1119,317,584,218
CALL_ME_SHINCHAN,348735,-11,344,115,184,45
delphih,557,285,2633,594,1410,629
Abdelaleem,148894,0,543,162,296,85
volialex,223735,5,444,107,282,55
xlx2,30920,0,966,184,554,228
sushuiheng,5000001,0,0,0,0,0
KavyaC2001,5000001,0,0,0,0,0
slpyguy,5000001,0,2,1,1,0
7ty7,1291016,0,113,37,53,23
YoungForest,4085,137,1641,429,892,320
forbell,5000001,0,10,7,3,0
_neelytandel_,274434,0,398,75,204,119
anubhav100rao,2992,60,1761,432,935,394
yangjinh1995,966822,0,153,47,74,32
user7895Zl,5000001,0,8,7,1,0
the_halfblood_prince,41954,44,877,186,483,208
masteralphi,3254,41,1726,471,940,315
yiqunoy,15266,10,1179,299,653,227
shyamsai357,4774327,0,12,11,1,0
vbomedeiros,67669,517,746,193,418,135
dhruv7888,749142,1,195,38,108,49
BetoSCL,27530,408,1000,2404.39,,
